text,time_of_day,label
Call me when you get a chance,night,Mom
Game tonight at EOD,night,Friend
Miss you ğŸ˜Š,evening,Girlfriend
Please review the design doc! ğŸ™‚,evening,Boss
Need an update on Q1 roadmapâ€¦,afternoon,Boss
Game tonight at 9am!,night,Friend
Love you ğŸ˜Š!,night,Mom
Beach day this weekend pls,evening,Girlfriend
Please text me when you arriveâ€¦,night,Mom
Love you ğŸ™,morning,Mom
Wine tasting sounds fun,afternoon,Girlfriend
Send me the link lol,afternoon,Friend
Let's hit downtown thx,afternoon,Friend
Send me the link,evening,Friend
Let's plan a camping trip,morning,Girlfriend
Running late by 5,morning,Friend
I'm taking the dogs to the trail,evening,Girlfriend
Call me when you get a chance??,night,Mom
Running late by 15!,afternoon,Friend
We need to fix the deployment error,afternoon,Boss
I'm taking the dogs to the trail!,night,Girlfriend
Share the KPI results for throughput,afternoon,Boss
Remember to get some sleep ğŸ™‚,afternoon,Mom
That was hilarious â¤ï¸,night,Friend
Game tonight at EOD,night,Friend
Just got done with errands,evening,Girlfriend
Need an update on data migration,afternoon,Boss
Bro you free later ğŸ™,evening,Friend
Miss you ğŸ™,afternoon,Girlfriend
What's the status of the release,morning,Boss
What's the status of the hotfix,afternoon,Boss
Love you ğŸ˜‚ lol,morning,Mom
Remember to take a break,night,Mom
Let's plan a camping trip,evening,Girlfriend
Let's hit downtown,night,Friend
Are you coming over for the game,morning,Mom
Weekend plans,evening,Friend
That was hilarious ğŸ˜‚,night,Friend
Can you send the report by tomorrow morning,evening,Boss
Want to grab tea later ğŸ™,morning,Girlfriend
How was your day,night,Mom
Bro you free later,evening,Friend
Just got done with errands pls,evening,Girlfriend
We need to fix the access problem,evening,Boss
I made salad??,morning,Mom
Let's hit that new spot??,night,Friend
Make sure this is ready for leadership,evening,Boss
Pull up at 4pm ğŸ™,afternoon,Friend
Can you help me with moving stuff,morning,Girlfriend
Let's hit downtown,morning,Friend
Bro you free later,evening,Friend
Did you eat tacos.,morning,Mom
Let's sync at tomorrow morning,afternoon,Boss
Can you jump on a quick call,evening,Boss
Make sure this is ready for leadership! ğŸ™,afternoon,Boss
Are you coming over for the birthday,night,Mom
Beach day this weekend,morning,Girlfriend
How was your day,evening,Mom
Weekend plans,night,Friend
Want to grab coffee later ğŸ™‚,afternoon,Girlfriend
Send me the link??,morning,Friend
Bro you free later,afternoon,Friend
Client is asking about risks,evening,Boss
Let's hit downtown,night,Friend
Can you send the spreadsheet by 4pm.,evening,Boss
Share the KPI results for utilization,afternoon,Boss
Send me the link,afternoon,Friend
Share the KPI results for availability pls,evening,Boss
Don't forget the laundry,evening,Mom
Let's sync at 4pm,afternoon,Boss
Weekend plans,night,Friend
Did you eat soup,morning,Mom
What's the status of the dashboard lol,afternoon,Boss
Call me when you get a chance,afternoon,Mom
Can you help me with a quick favor.,morning,Girlfriend
Can you send the report by 4pm!,morning,Boss
Need an update on security review,afternoon,Boss
Call me when you get a chance. pls,afternoon,Mom
I'm listening to a new podcast about tech.,afternoon,Girlfriend
Miss you ğŸ™‚,evening,Girlfriend
On my wayâ€¦ pls,night,Friend
Share the KPI results for cost??,afternoon,Boss
Are you coming over for the game,evening,Mom
Did you see the news about weather,afternoon,Friend
I'm listening to a new podcast about travel.,evening,Girlfriend
Just got done with workout??,night,Girlfriend
Did you eat soup.,evening,Mom
Make sure this is ready for leadership. lol,morning,Boss
Bro you free later lol,afternoon,Friend
That was hilarious â¤ï¸! thx,evening,Friend
Need an update on Q1 roadmap.,afternoon,Boss
Send me the link ğŸ™,night,Friend
That was hilarious ğŸ™‚ pls,night,Friend
Make sure this is ready for leadership,evening,Boss
On my way,night,Friend
We need to fix the latency spike,afternoon,Boss
I made chicken,morning,Mom
Just got done with workout,morning,Girlfriend
I'm taking the dogs to the trail??,morning,Girlfriend
Are you coming over for the birthdayâ€¦,evening,Mom
Game tonight at EOD,night,Friend
Call me when you get a chance lol,morning,Mom
Pull up at EOD thx,evening,Friend
Call me when you get a chance pls,morning,Mom
That was hilarious ğŸ˜Š,afternoon,Friend
Weekend plans,evening,Friend
Did you see the news about AI,morning,Friend
Do you want to go boating,evening,Girlfriend
Client is asking about risks pls,afternoon,Boss
I'm taking the dogs to the trail!,afternoon,Girlfriend
Can you send the proposal by tomorrow morning,afternoon,Boss
Game tonight at 9am,evening,Friend
Just got done with meeting,evening,Girlfriend
Can you jump on a quick call ğŸ™,evening,Boss
I'm listening to a new podcast about true crime,morning,Girlfriend
Do you want to go camping,evening,Girlfriend
Don't forget the oil change!,morning,Mom
Are you coming over for the gameâ€¦,night,Mom
How was your dayâ€¦,evening,Mom
Please text me when you arrive,afternoon,Mom
We need to fix the latency spike,evening,Boss
Just got done with errands pls,night,Girlfriend
Want to grab coffee later,morning,Girlfriend
What's the status of the demo!,morning,Boss
On my way,night,Friend
I'm listening to a new podcast about tech,afternoon,Girlfriend
Please text me when you arrive,afternoon,Mom
Let's hit a brewery,evening,Friend
Beach day this weekend!,afternoon,Girlfriend
Let's plan a weekend getaway! pls,evening,Girlfriend
Do you want to go camping,afternoon,Girlfriend
Wine tasting sounds fun.,night,Girlfriend
Remember to take a break,morning,Mom
Want to grab coffee later,afternoon,Girlfriend
Pull up at EOD??,night,Friend
Client is asking about timeline,morning,Boss
Can you help me with moving stuff,evening,Girlfriend
How was your day,night,Mom
Can you jump on a quick call,morning,Boss
Let's sync at EOD??,afternoon,Boss
Did you see the news about stocks!,evening,Friend
Did you eat chicken ğŸ™‚,morning,Mom
Make sure this is ready for leadership!,afternoon,Boss
Need an update on Q1 roadmap,afternoon,Boss
That was hilarious ğŸ™‚,night,Friend
Send me the link.,afternoon,Friend
We are visiting grandma this weekend pls,morning,Mom
We are watching a movie this weekend pls,afternoon,Mom
Did you see the news about weather,night,Friend
How was your day,morning,Mom
On my way,afternoon,Friend
Share the KPI results for utilization??,evening,Boss
Bro you free later,evening,Friend
Let's sync at 2pm,afternoon,Boss
Need an update on Moonlight. thx,night,Boss
Miss you ğŸ™‚,afternoon,Girlfriend
Love you ğŸ˜‚,morning,Mom
Just got done with errandsâ€¦ thx,night,Girlfriend
Want to grab coffee later,evening,Girlfriend
Pull up at tomorrow morning,afternoon,Friend
Send me the link,night,Friend
Want to grab coffee later thx,night,Girlfriend
Let's sync at EOD thx,afternoon,Boss
Let's sync at EOD,evening,Boss
We need to fix the deployment error,evening,Boss
Pull up at 4pm,morning,Friend
Can you send the deck by 9am,morning,Boss
Don't forget the bills lol,morning,Mom
What's the status of the runbook,evening,Boss
Please text me when you arrive,afternoon,Mom
Don't forget the oil change,afternoon,Mom
Don't forget the groceries,morning,Mom
Send me the link,morning,Friend
Running late by 5,night,Friend
Can you help me with moving stuff,evening,Girlfriend
Please review the PRD,afternoon,Boss
Can you help me with my resume,evening,Girlfriend
Remember to take a break,night,Mom
Let's hit that new spot,afternoon,Friend
Let's plan a camping trip,morning,Girlfriend
Pull up at 9am.,evening,Friend
We are doing yard work this weekend pls,morning,Mom
Client is asking about timeline!,evening,Boss
Do you want to go campingâ€¦,morning,Girlfriend
Please review the design doc ğŸ™,afternoon,Boss
What's the status of the hotfix,morning,Boss
Love you ğŸ˜Š,night,Mom
Can you send the report by 3pm,afternoon,Boss
We are watching a movie this weekend,afternoon,Mom
Need an update on client onboarding thx,afternoon,Boss
Beach day this weekend,evening,Girlfriend
Do you want to go to the beach,afternoon,Girlfriend
Want to grab coffee later,evening,Girlfriend
Client is asking about timeline,evening,Boss
On my way,night,Friend
How was your day,evening,Mom
Can you send the deck by 4pm,morning,Boss
Are you coming over for the game,morning,Mom
What's the status of the dashboard,morning,Boss
On my way,afternoon,Friend
Share the KPI results for utilizationâ€¦,evening,Boss
On my way pls,night,Friend
Client is asking about pricingâ€¦,night,Boss
Want to grab wine later?? ğŸ™,evening,Girlfriend
Need an update on client onboarding,night,Boss
Make sure this is ready for leadership?? lol,evening,Boss
Send me the link,evening,Friend
Weekend plans??,afternoon,Friend
Can you jump on a quick call,afternoon,Boss
Running late by 20,night,Friend
Client is asking about testing results,morning,Boss
Let's plan a camping trip,afternoon,Girlfriend
Pull up at EOD,morning,Friend
Can you jump on a quick call,evening,Boss
Let's hit the usual place,evening,Friend
Can you jump on a quick call,evening,Boss
Please text me when you arrive,morning,Mom
Did you eat pasta thx,morning,Mom
Please review the timeline ğŸ™‚,morning,Boss
On my way??,night,Friend
I made chickenâ€¦,evening,Mom
Please review the presentationâ€¦ pls,evening,Boss
I'm taking the dogs outside,night,Girlfriend
Please text me when you arrive??,evening,Mom
Bro you free later,evening,Friend
Please review the budget,afternoon,Boss
That was hilarious ğŸ˜Š.,night,Friend
Want to grab coffee later. ğŸ™,afternoon,Girlfriend
Wine tasting sounds fun!,afternoon,Girlfriend
I made chicken ğŸ™‚,evening,Mom
Please review the timeline,evening,Boss
Did you see the news about movies,afternoon,Friend
Love you ğŸ˜Š!,morning,Mom
Bro you free later,evening,Friend
Can you jump on a quick call,morning,Boss
Just got done with meetingâ€¦,evening,Girlfriend
Want to grab wine later,evening,Girlfriend
Need an update on security review,afternoon,Boss
Let's sync at tomorrow morning,afternoon,Boss
I'm listening to a new podcast about tech,morning,Girlfriend
Please text me when you arrive??,night,Mom
I'm listening to a new podcast about tech ğŸ™‚,night,Girlfriend
Are you coming over for the birthday,night,Mom
Let's plan a road tripâ€¦,evening,Girlfriend
Miss you ğŸ˜Š??,afternoon,Girlfriend
Please text me when you arriveâ€¦,afternoon,Mom
That was hilarious ğŸ˜‚â€¦ lol,night,Friend
Client is asking about timeline,morning,Boss
Send me the link,evening,Friend
We are watching a movie this weekend!,night,Mom
Don't forget your appointment. ğŸ™,morning,Mom
Let's sync at EOD pls,evening,Boss
Call me when you get a chance,afternoon,Mom
Can you jump on a quick call ğŸ™,afternoon,Boss
Can you help me with my resume,evening,Girlfriend
Are you coming over for dinner pls,night,Mom
Do you want to go on a hike,night,Girlfriend
Remember to take a break,afternoon,Mom
Did you eat soupâ€¦,morning,Mom
I'm listening to a new podcast about travel??,evening,Girlfriend
Send me the link,evening,Friend
Are you coming over for the birthday,night,Mom
Share the KPI results for availability,afternoon,Boss
On my way,evening,Friend
That was hilarious ğŸ™,afternoon,Friend
Just got done with errands ğŸ™,afternoon,Girlfriend
We need to fix the login bug,morning,Boss
Can you jump on a quick call,afternoon,Boss
Can you help me with my resume,evening,Girlfriend
Let's plan a road trip pls,night,Girlfriend
Make sure this is ready for leadership,afternoon,Boss
Please text me when you arrive! ğŸ™,evening,Mom
Remember to take a break lol,evening,Mom
Bro you free later,evening,Friend
Can you jump on a quick call.,afternoon,Boss
We need to fix the latency spike,afternoon,Boss
Can you send the spreadsheet by 3pm thx,evening,Boss
That was hilarious ğŸ™,night,Friend
We are watching a movie this weekend,morning,Mom
Are you coming over for the game,afternoon,Mom
Can you jump on a quick call??,afternoon,Boss
Need an update on security review,afternoon,Boss
Want to grab coffee later,evening,Girlfriend
What's the status of the release!,evening,Boss
Can you send the deck by 10am,evening,Boss
That was hilarious â¤ï¸.,evening,Friend
Love you ğŸ˜Š ğŸ™,evening,Mom
I'm taking the dogs on a walk,morning,Girlfriend
I'm listening to a new podcast about health,afternoon,Girlfriend
What's the status of the release!,afternoon,Boss
Let's hit the usual place!,evening,Friend
Make sure this is ready for leadership,morning,Boss
Game tonight at 2pm,evening,Friend
Make sure this is ready for leadership,morning,Boss
Do you want to go on a hike,night,Girlfriend
Just got done with workout.,afternoon,Girlfriend
Bro you free later thx,night,Friend
Make sure this is ready for leadership lol,morning,Boss
Make sure this is ready for leadership lol,afternoon,Boss
We are doing yard work this weekend,afternoon,Mom
What's the status of the demo ğŸ™‚,night,Boss
Running late by 5,afternoon,Friend
Are you coming over for the birthday lol,night,Mom
Pull up at 2pm,night,Friend
I'm listening to a new podcast about true crime,morning,Girlfriend
Are you coming over for lunch,afternoon,Mom
Share the KPI results for throughput,evening,Boss
Wine tasting sounds fun,afternoon,Girlfriend
Share the KPI results for quality,morning,Boss
I made chicken??,afternoon,Mom
Can you help me with moving stuff,morning,Girlfriend
I'm taking the dogs outsideâ€¦,night,Girlfriend
Love you ğŸ™â€¦,night,Mom
What's the status of the demo,morning,Boss
I made pasta. ğŸ™,morning,Mom
Just got done with errands,evening,Girlfriend
Send me the link,night,Friend
Running late by 15,night,Friend
On my way thx,afternoon,Friend
Weekend plans,evening,Friend
Can you send the proposal by 10am,morning,Boss
Call me when you get a chance,evening,Mom
Just got done with yoga,evening,Girlfriend
Did you see the news about weather.,afternoon,Friend
Did you see the news about moviesâ€¦,evening,Friend
Did you eat tacos,night,Mom
How was your day,afternoon,Mom
Love you ğŸ™.,morning,Mom
How was your day ğŸ™‚,night,Mom
Can you help me with my resume,evening,Girlfriend
Beach day this weekend??,evening,Girlfriend
Can you jump on a quick call,afternoon,Boss
Share the KPI results for throughput,afternoon,Boss
Running late by 20,night,Friend
Client is asking about scope,evening,Boss
Send me the link,evening,Friend
That was hilarious â¤ï¸.,afternoon,Friend
What's the status of the demo.,evening,Boss
Love you ğŸ˜Š,morning,Mom
Did you see the news about stocks ğŸ™‚,afternoon,Friend
Beach day this weekend,night,Girlfriend
Make sure this is ready for leadership,morning,Boss
Miss you â¤ï¸,morning,Girlfriend
Just got done with errands,morning,Girlfriend
That was hilarious ğŸ˜‚,morning,Friend
Don't forget the laundry,evening,Mom
Game tonight at EOD,night,Friend
Weekend plans.,afternoon,Friend
How was your day,morning,Mom
Did you eat tacos,morning,Mom
Beach day this weekend??,afternoon,Girlfriend
Don't forget the oil change,evening,Mom
Need an update on Moonlight,afternoon,Boss
Make sure this is ready for leadership,afternoon,Boss
Send me the link,night,Friend
Did you see the news about movies ğŸ™,morning,Friend
We are having dinner this weekend,afternoon,Mom
Game tonight at 2pm,night,Friend
I made tacos!,evening,Mom
Pull up at 3pm,night,Friend
Bro you free later,evening,Friend
On my way,night,Friend
Did you eat salad,morning,Mom
Let's hit the usual place!,morning,Friend
Love you â¤ï¸,evening,Mom
Beach day this weekend,afternoon,Girlfriend
Can you jump on a quick call,evening,Boss
Make sure this is ready for leadership.,evening,Boss
Please text me when you arriveâ€¦,night,Mom
Did you see the news about movies,evening,Friend
Client is asking about testing results,evening,Boss
Do you want to go to the beach,afternoon,Girlfriend
Make sure this is ready for leadership!,night,Boss
Make sure this is ready for leadership!,afternoon,Boss
That was hilarious ğŸ˜Š thx,evening,Friend
Call me when you get a chance,morning,Mom
Let's hit that new spot.,evening,Friend
Weekend plans,evening,Friend
Need an update on data migration,afternoon,Boss
Can you send the SOW by 3pm,evening,Boss
Remember to get some sleep thx,afternoon,Mom
Game tonight at 10am??,evening,Friend
Send me the link,night,Friend
I made tacos,morning,Mom
Love you ğŸ˜‚ ğŸ™‚,night,Mom
Love you ğŸ™,evening,Mom
Call me when you get a chance ğŸ™‚,morning,Mom
That was hilarious ğŸ˜Š,afternoon,Friend
Send me the link,night,Friend
Don't forget the groceries! pls,night,Mom
Send me the link,night,Friend
Remember to take a break??,night,Mom
We need to fix the login bug,evening,Boss
I'm listening to a new podcast about health,night,Girlfriend
Do you want to go to the beach,morning,Girlfriend
Weekend plansâ€¦,evening,Friend
I made tacos,evening,Mom
Remember to drink water,evening,Mom
Can you jump on a quick call,morning,Boss
What's the status of the runbook,evening,Boss
Send me the link,evening,Friend
Game tonight at 9am,night,Friend
Please review the presentation!,evening,Boss
Send me the link,evening,Friend
Make sure this is ready for leadership,afternoon,Boss
Want to grab wine later,evening,Girlfriend
We need to fix the deployment error,morning,Boss
I made pasta.,afternoon,Mom
On my way ğŸ™,afternoon,Friend
I made tacos ğŸ™,afternoon,Mom
We are doing yard work this weekend thx,evening,Mom
We are visiting grandma this weekend,evening,Mom
Let's sync at 2pm,afternoon,Boss
Are you coming over for the birthday,morning,Mom
How was your dayâ€¦,evening,Mom
Beach day this weekend,evening,Girlfriend
Game tonight at 3pm,evening,Friend
Call me when you get a chance??,evening,Mom
Client is asking about scope,morning,Boss
I'm taking the dogs to the trail,night,Girlfriend
Weekend plans lol,afternoon,Friend
Beach day this weekendâ€¦ ğŸ™,morning,Girlfriend
Game tonight at 10am ğŸ™‚,afternoon,Friend
Can you help me with my resume,evening,Girlfriend
We need to fix the login bug,afternoon,Boss
Love you ğŸ˜‚,afternoon,Mom
Weekend plans,afternoon,Friend
Let's hit the usual place,afternoon,Friend
I made pizzaâ€¦,morning,Mom
I'm taking the dogs to the park,morning,Girlfriend
Remember to drink water,morning,Mom
Let's hit the usual place,afternoon,Friend
Weekend plans,evening,Friend
Did you eat soup,evening,Mom
Can you jump on a quick call!,afternoon,Boss
Love you â¤ï¸ ğŸ™,afternoon,Mom
I'm taking the dogs on a walk ğŸ™,afternoon,Girlfriend
Send me the link,afternoon,Friend
Please text me when you arrive,evening,Mom
Client is asking about risks,afternoon,Boss
Did you see the news about movies,evening,Friend
Please review the timeline,morning,Boss
Please text me when you arrive,night,Mom
Let's sync at 3pm,night,Boss
Just got done with meeting,afternoon,Girlfriend
I'm taking the dogs outsideâ€¦ thx,evening,Girlfriend
Share the KPI results for throughput,morning,Boss
Game tonight at 2pm thx,night,Friend
Wine tasting sounds funâ€¦,afternoon,Girlfriend
Let's sync at 3pm,evening,Boss
Weekend plansâ€¦,evening,Friend
Running late by 15,night,Friend
Share the KPI results for availabilityâ€¦,afternoon,Boss
I made pasta,night,Mom
Just got done with meeting,evening,Girlfriend
Wine tasting sounds fun,afternoon,Girlfriend
Are you coming over for lunch,morning,Mom
Do you want to go camping,night,Girlfriend
Running late by 20,afternoon,Friend
Are you coming over for the birthday,afternoon,Mom
Let's hit downtown,evening,Friend
Did you eat salad,morning,Mom
Weekend plans??,night,Friend
Need an update on security review,evening,Boss
Call me when you get a chance ğŸ™‚,morning,Mom
Did you see the news about sports.,afternoon,Friend
Are you coming over for lunch! ğŸ™,afternoon,Mom
Miss you ğŸ˜‚â€¦,afternoon,Girlfriend
Call me when you get a chance,afternoon,Mom
Running late by 20??,night,Friend
Did you see the news about weather! ğŸ™‚,night,Friend
Bro you free later pls,afternoon,Friend
Client is asking about timeline,afternoon,Boss
Need an update on security review,afternoon,Boss
I'm taking the dogs to the park,afternoon,Girlfriend
Did you see the news about AI??,night,Friend
Game tonight at 9am??,evening,Friend
Did you eat pasta,evening,Mom
Can you help me with a quick favor ğŸ™,evening,Girlfriend
Don't forget your appointment,morning,Mom
Share the KPI results for quality.,afternoon,Boss
Let's hit that new spot!,night,Friend
Remember to get some sleep.,morning,Mom
Did you see the news about weather,morning,Friend
Let's sync at 10am,evening,Boss
I made pizza,morning,Mom
Client is asking about risks,afternoon,Boss
Miss you â¤ï¸,afternoon,Girlfriend
Did you see the news about stocks ğŸ™‚,night,Friend
Let's plan a weekend getaway,evening,Girlfriend
Did you see the news about stocks,night,Friend
On my way thx,afternoon,Friend
Pull up at EOD,night,Friend
Miss you ğŸ™??,afternoon,Girlfriend
Please review the timeline,afternoon,Boss
We need to fix the login bug,afternoon,Boss
Love you ğŸ™ ğŸ™‚,morning,Mom
What's the status of the runbook,morning,Boss
Send me the link,afternoon,Friend
Client is asking about pricing,afternoon,Boss
Are you coming over for the game,night,Mom
Want to grab coffee later ğŸ™‚,night,Girlfriend
Did you see the news about stocks pls,afternoon,Friend
On my way thx,afternoon,Friend
Please review the design doc??,afternoon,Boss
Let's sync at EOD,morning,Boss
I'm taking the dogs to the park,evening,Girlfriend
How was your dayâ€¦ lol,morning,Mom
Make sure this is ready for leadership,evening,Boss
We are having dinner this weekend,afternoon,Mom
Bro you free later??,afternoon,Friend
Running late by 20 pls,night,Friend
That was hilarious ğŸ˜Š ğŸ™‚,evening,Friend
Running late by 15,night,Friend
Let's hit the usual place,night,Friend
I made pasta??,afternoon,Mom
Bro you free laterâ€¦,night,Friend
Call me when you get a chance.,evening,Mom
Please review the timeline,night,Boss
Beach day this weekend thx,morning,Girlfriend
Need an update on security review,afternoon,Boss
Did you eat pasta!,night,Mom
I made pasta,morning,Mom
Send me the link,evening,Friend
Make sure this is ready for leadership,afternoon,Boss
Can you jump on a quick call,morning,Boss
Running late by 5 pls,evening,Friend
I made tacos??,morning,Mom
On my way,evening,Friend
That was hilarious â¤ï¸,evening,Friend
I'm listening to a new podcast about health,evening,Girlfriend
Are you coming over for dinner.,morning,Mom
Did you eat tacos??,morning,Mom
We need to fix the login bug!,morning,Boss
Just got done with meeting,evening,Girlfriend
Are you coming over for the birthday,night,Mom
What's the status of the runbook ğŸ™,afternoon,Boss
Remember to take a break pls,evening,Mom
Do you want to go campingâ€¦,afternoon,Girlfriend
Remember to get some sleep?? lol,morning,Mom
Can you help me with moving stuff ğŸ™,afternoon,Girlfriend
I made salad??,afternoon,Mom
Call me when you get a chance,morning,Mom
We are watching a movie this weekend!,evening,Mom
Pull up at 2pm,evening,Friend
Love you â¤ï¸,evening,Mom
We need to fix the login bug,evening,Boss
Just got done with workout,night,Girlfriend
Want to grab tea later,morning,Girlfriend
Just got done with meeting,morning,Girlfriend
On my way pls,night,Friend
Need an update on Q1 roadmap,evening,Boss
That was hilarious ğŸ™‚.,evening,Friend
Please review the budget.,afternoon,Boss
On my way,night,Friend
Want to grab tea later,evening,Girlfriend
Let's hit that new spot,evening,Friend
Weekend plans,afternoon,Friend
Send me the link,evening,Friend
Let's hit a brewery,night,Friend
Want to grab wine later,night,Girlfriend
Did you eat pasta.,morning,Mom
Make sure this is ready for leadership,afternoon,Boss
We are visiting grandma this weekend pls,afternoon,Mom
Send me the link lol,evening,Friend
Don't forget the oil change ğŸ™‚,afternoon,Mom
Call me when you get a chance,morning,Mom
Call me when you get a chance,morning,Mom
I'm listening to a new podcast about finance,evening,Girlfriend
Can you help me with this plan ğŸ™,morning,Girlfriend
Weekend plans,night,Friend
Please review the presentation,morning,Boss
Can you send the proposal by 2pmâ€¦,evening,Boss
Did you eat tacos,afternoon,Mom
I made chicken,night,Mom
Can you jump on a quick call,morning,Boss
Bro you free laterâ€¦,afternoon,Friend
I'm listening to a new podcast about travel lol,night,Girlfriend
Running late by 10,afternoon,Friend
Call me when you get a chance,afternoon,Mom
Don't forget the laundry ğŸ™‚,afternoon,Mom
On my way,afternoon,Friend
Please text me when you arrive,afternoon,Mom
We are doing yard work this weekend,evening,Mom
Make sure this is ready for leadership,night,Boss
Weekend plans,night,Friend
Miss you ğŸ™â€¦,evening,Girlfriend
Call me when you get a chance,morning,Mom
Bro you free later ğŸ™‚,night,Friend
That was hilarious ğŸ™,night,Friend
Did you see the news about AI,night,Friend
Pull up at 2pm,morning,Friend
I made chicken,night,Mom
Pull up at EOD,afternoon,Friend
Need an update on client onboarding,morning,Boss
Pull up at 2pm??,night,Friend
Can you help me with moving stuffâ€¦,night,Girlfriend
Bro you free later,afternoon,Friend
I'm taking the dogs to the park lol,evening,Girlfriend
Do you want to go camping?? pls,evening,Girlfriend
Beach day this weekend,evening,Girlfriend
Game tonight at 4pm,afternoon,Friend
Weekend plans,evening,Friend
Please text me when you arrive,morning,Mom
Running late by 5,evening,Friend
Do you want to go to the beach ğŸ™,evening,Girlfriend
Can you send the spreadsheet by 4pm,morning,Boss
Miss you ğŸ˜‚!,morning,Girlfriend
On my way,afternoon,Friend
Weekend plans.,evening,Friend
Let's hit downtown,night,Friend
Please review the PRD??,afternoon,Boss
Weekend plans,evening,Friend
What's the status of the demo?? ğŸ™‚,morning,Boss
Just got done with yoga,evening,Girlfriend
Beach day this weekend!,night,Girlfriend
Remember to take a break?? lol,morning,Mom
Let's sync at 2pm,afternoon,Boss
How was your day,afternoon,Mom
We are watching a movie this weekend,morning,Mom
Can you send the report by tomorrow morning pls,afternoon,Boss
Make sure this is ready for leadership,afternoon,Boss
Are you coming over for dinner,afternoon,Mom
Let's sync at EOD,afternoon,Boss
Want to grab coffee later,afternoon,Girlfriend
Please text me when you arrive.,evening,Mom
Can you jump on a quick callâ€¦,evening,Boss
We need to fix the pipeline failure. thx,morning,Boss
Miss you ğŸ˜‚!,night,Girlfriend
Can you send the report by 10am!,morning,Boss
Bro you free later,evening,Friend
Client is asking about risksâ€¦,night,Boss
We need to fix the deployment error,morning,Boss
We need to fix the access problem,evening,Boss
How was your day,evening,Mom
Just got done with workout??,afternoon,Girlfriend
Are you coming over for dinner,evening,Mom
Client is asking about testing results,afternoon,Boss
Did you see the news about weather thx,afternoon,Friend
Game tonight at 10am ğŸ™,night,Friend
Wine tasting sounds fun!,evening,Girlfriend
Game tonight at 10am??,night,Friend
That was hilarious ğŸ˜Š??,evening,Friend
Client is asking about scope,evening,Boss
Bro you free later,evening,Friend
Can you send the SOW by EOD,afternoon,Boss
Can you jump on a quick call,night,Boss
Let's plan a camping tripâ€¦,evening,Girlfriend
Weekend plans,morning,Friend
That was hilarious ğŸ™‚,evening,Friend
Share the KPI results for throughput,afternoon,Boss
I'm taking the dogs to the trail,evening,Girlfriend
Did you eat chicken lol,morning,Mom
Did you see the news about sports,evening,Friend
Can you help me with my resumeâ€¦,afternoon,Girlfriend
Do you want to go to the beach,evening,Girlfriend
Bro you free later,evening,Friend
Do you want to go camping,evening,Girlfriend
We are having dinner this weekend ğŸ™‚,morning,Mom
We need to fix the pipeline failure!,evening,Boss
Are you coming over for dinner,morning,Mom
That was hilarious ğŸ™,evening,Friend
Remember to get some sleep,morning,Mom
Please text me when you arrive,afternoon,Mom
I'm taking the dogs to the trail??,night,Girlfriend
Can you help me with moving stuff,afternoon,Girlfriend
Can you help me with moving stuff,morning,Girlfriend
Bro you free later,night,Friend
Weekend plans lol,night,Friend
Please text me when you arrive,evening,Mom
Weekend plans,afternoon,Friend
Just got done with errands??,night,Girlfriend
Let's plan a camping trip!,evening,Girlfriend
Don't forget the laundry. pls,afternoon,Mom
Wine tasting sounds fun,night,Girlfriend
Let's hit a brewery.,night,Friend
I'm listening to a new podcast about finance,evening,Girlfriend
Remember to take a break,morning,Mom
I'm listening to a new podcast about tech,evening,Girlfriend
On my way thx,evening,Friend
Running late by 10,afternoon,Friend
I made tacosâ€¦,afternoon,Mom
Did you see the news about stocks thx,afternoon,Friend
On my way,evening,Friend
Did you eat pasta,morning,Mom
Weekend plans lol,afternoon,Friend
Client is asking about risks ğŸ™,afternoon,Boss
Want to grab coffee later,evening,Girlfriend
What's the status of the hotfix,morning,Boss
Bro you free later!,night,Friend
On my wayâ€¦,night,Friend
Did you see the news about weather,evening,Friend
Weekend plans,afternoon,Friend
Game tonight at 3pm ğŸ™‚,night,Friend
Love you ğŸ˜‚â€¦,morning,Mom
Please text me when you arrive,morning,Mom
Let's hit a brewery,night,Friend
I'm listening to a new podcast about travel,morning,Girlfriend
We are visiting grandma this weekend,morning,Mom
Please text me when you arrive,night,Mom
Let's plan a weekend getaway,evening,Girlfriend
Just got done with yoga ğŸ™,morning,Girlfriend
Please text me when you arrive,evening,Mom
Please text me when you arrive,evening,Mom
Remember to drink water,morning,Mom
Can you help me with a quick favor,night,Girlfriend
How was your day,night,Mom
Do you want to go on a hike,night,Girlfriend
What's the status of the runbook,afternoon,Boss
Can you send the spreadsheet by 9am,morning,Boss
Can you help me with this planâ€¦,night,Girlfriend
Miss you ğŸ˜‚,evening,Girlfriend
On my way,night,Friend
Let's hit the usual place!,night,Friend
On my way,afternoon,Friend
Let's hit the usual place,night,Friend
Miss you ğŸ™,night,Girlfriend
Let's sync at 4pm,evening,Boss
Call me when you get a chance,afternoon,Mom
Miss you ğŸ™‚ ğŸ™,afternoon,Girlfriend
We are having dinner this weekend,afternoon,Mom
Weekend plans!,night,Friend
Pull up at 4pm thx,evening,Friend
Did you eat pasta,afternoon,Mom
Send me the link,evening,Friend
Don't forget your appointment,evening,Mom
Running late by 20,night,Friend
Love you ğŸ˜Š pls,afternoon,Mom
Let's sync at 9am,morning,Boss
Miss you â¤ï¸,evening,Girlfriend
Weekend plans,night,Friend
Share the KPI results for availability,morning,Boss
Game tonight at EOD thx,evening,Friend
On my way,evening,Friend
Don't forget the bills,evening,Mom
Do you want to go boating,afternoon,Girlfriend
Let's hit that new spot.,night,Friend
We need to fix the login bugâ€¦,morning,Boss
Running late by 10,evening,Friend
Did you see the news about weather thx,evening,Friend
Did you see the news about AI,evening,Friend
Weekend plans pls,night,Friend
Miss you ğŸ™ pls,afternoon,Girlfriend
What's the status of the runbook ğŸ™,afternoon,Boss
Did you see the news about stocks,afternoon,Friend
Can you jump on a quick call,afternoon,Boss
Beach day this weekend,morning,Girlfriend
Share the KPI results for quality pls,evening,Boss
Please review the presentation,morning,Boss
Don't forget the laundry!,morning,Mom
Did you see the news about stocks!,night,Friend
Please text me when you arrive!,evening,Mom
How was your day,evening,Mom
Bro you free later,night,Friend
Let's plan a beach tripâ€¦,morning,Girlfriend
Share the KPI results for cost,afternoon,Boss
Pull up at 9am,afternoon,Friend
Please review the timeline,morning,Boss
We are visiting grandma this weekend,evening,Mom
Pull up at 9am,afternoon,Friend
Are you coming over for the game. ğŸ™,evening,Mom
I'm taking the dogs outside,evening,Girlfriend
That was hilarious â¤ï¸,night,Friend
Running late by 5,morning,Friend
What's the status of the release,evening,Boss
Let's hit a brewery,evening,Friend
Miss you ğŸ™,night,Girlfriend
Let's sync at tomorrow morning ğŸ™,afternoon,Boss
I made soup!,morning,Mom
Need an update on Moonlight,morning,Boss
Miss you ğŸ˜Š.,evening,Girlfriend
Weekend plansâ€¦ lol,evening,Friend
How was your day,afternoon,Mom
Just got done with errands,evening,Girlfriend
Bro you free later!,night,Friend
That was hilarious ğŸ™,afternoon,Friend
Make sure this is ready for leadership,morning,Boss
I made tacos,evening,Mom
Need an update on security review,afternoon,Boss
On my way,morning,Friend
Weekend plans,evening,Friend
Want to grab wine later.,evening,Girlfriend
How was your dayâ€¦ lol,evening,Mom
Remember to get some sleep,afternoon,Mom
Please review the presentation,evening,Boss
Do you want to go boating,evening,Girlfriend
Call me when you get a chance,afternoon,Mom
Beach day this weekend,morning,Girlfriend
Can you help me with this plan ğŸ™‚,evening,Girlfriend
Please text me when you arrive,morning,Mom
Please text me when you arrive,morning,Mom
Share the KPI results for availability! ğŸ™,morning,Boss
Did you see the news about sports,evening,Friend
Pull up at 2pm?? lol,morning,Friend
What's the status of the demo,afternoon,Boss
What's the status of the release! ğŸ™‚,evening,Boss
Running late by 10! thx,afternoon,Friend
Share the KPI results for throughput,afternoon,Boss
Let's sync at tomorrow morning ğŸ™,night,Boss
We need to fix the latency spike.,afternoon,Boss
Call me when you get a chance,morning,Mom
We need to fix the login bug,afternoon,Boss
Miss you ğŸ˜Š lol,night,Girlfriend
That was hilarious â¤ï¸,afternoon,Friend
Running late by 15,evening,Friend
Weekend plansâ€¦,night,Friend
Beach day this weekendâ€¦,night,Girlfriend
How was your day! pls,evening,Mom
Client is asking about scope!,afternoon,Boss
Running late by 15,evening,Friend
Call me when you get a chance,afternoon,Mom
Running late by 20,evening,Friend
Do you want to go on a hike ğŸ™,afternoon,Girlfriend
What's the status of the releaseâ€¦,morning,Boss
Did you see the news about stocks ğŸ™‚,afternoon,Friend
Send me the link,night,Friend
Call me when you get a chance,morning,Mom
Are you coming over for dinner ğŸ™,night,Mom
Wine tasting sounds fun,afternoon,Girlfriend
Let's hit the usual place??,night,Friend
Call me when you get a chance,morning,Mom
I'm taking the dogs outside,evening,Girlfriend
How was your day,afternoon,Mom
Miss you ğŸ™â€¦,evening,Girlfriend
Let's plan a road trip??,evening,Girlfriend
I made tacos,evening,Mom
Can you help me with my resume,evening,Girlfriend
Send me the link lol,evening,Friend
Bro you free laterâ€¦,morning,Friend
We are having dinner this weekend lol,evening,Mom
Don't forget the bills,morning,Mom
I made tacos,afternoon,Mom
Let's sync at 9am,night,Boss
Love you ğŸ˜‚??,afternoon,Mom
Pull up at 4pm!,morning,Friend
On my way,afternoon,Friend
Let's hit downtown??,afternoon,Friend
We are doing yard work this weekend,evening,Mom
Call me when you get a chance,night,Mom
On my way.,afternoon,Friend
Share the KPI results for throughput,afternoon,Boss
Do you want to go to the beach,morning,Girlfriend
Send me the link,evening,Friend
Love you â¤ï¸,morning,Mom
Did you eat pizza,night,Mom
Don't forget the oil change,morning,Mom
Please text me when you arriveâ€¦,afternoon,Mom
Please text me when you arrive,afternoon,Mom
Bro you free later,evening,Friend
Miss you ğŸ˜‚,afternoon,Girlfriend
Did you see the news about AI ğŸ™‚,evening,Friend
Send me the link,evening,Friend
Did you see the news about AI lol,afternoon,Friend
Don't forget the groceries,afternoon,Mom
We need to fix the latency spikeâ€¦,afternoon,Boss
Bro you free later,afternoon,Friend
We are watching a movie this weekend,morning,Mom
Call me when you get a chance,evening,Mom
Beach day this weekend,afternoon,Girlfriend
Weekend plans,afternoon,Friend
Send me the link?? pls,evening,Friend
Let's hit the usual place,afternoon,Friend
Please text me when you arrive.,afternoon,Mom
Bro you free later,night,Friend
That was hilarious ğŸ˜Š,evening,Friend
Just got done with yoga! thx,afternoon,Girlfriend
Weekend plans ğŸ™‚,night,Friend
Running late by 20.,night,Friend
Make sure this is ready for leadership,afternoon,Boss
Call me when you get a chance,night,Mom
Need an update on client onboarding,evening,Boss
Are you coming over for the birthday,evening,Mom
Please text me when you arriveâ€¦,morning,Mom
Are you coming over for dinner pls,morning,Mom
Can you help me with this plan,afternoon,Girlfriend
I'm listening to a new podcast about finance??,morning,Girlfriend
Let's plan a camping trip,evening,Girlfriend
Let's hit downtown ğŸ™‚,morning,Friend
Want to grab coffee later,night,Girlfriend
Beach day this weekend.,afternoon,Girlfriend
How was your day pls,night,Mom
Let's hit the usual place.,evening,Friend
What's the status of the runbook,evening,Boss
How was your day! thx,afternoon,Mom
That was hilarious ğŸ™‚ thx,afternoon,Friend
Let's hit the usual place ğŸ™‚,morning,Friend
Please text me when you arrive,night,Mom
Call me when you get a chance ğŸ™‚,evening,Mom
Don't forget the bills,morning,Mom
Make sure this is ready for leadership. pls,afternoon,Boss
Remember to take a break,evening,Mom
Wine tasting sounds fun,morning,Girlfriend
Can you help me with this plan,morning,Girlfriend
Game tonight at 9am,afternoon,Friend
Game tonight at EOD ğŸ™‚,morning,Friend
Miss you ğŸ˜Šâ€¦,night,Girlfriend
Wine tasting sounds fun!,afternoon,Girlfriend
I made pizza??,evening,Mom
How was your day,afternoon,Mom
I'm listening to a new podcast about true crimeâ€¦ thx,night,Girlfriend
I made tacos,night,Mom
Did you eat salad,afternoon,Mom
I made chickenâ€¦ ğŸ™,morning,Mom
That was hilarious ğŸ˜‚.,night,Friend
What's the status of the hotfix,morning,Boss
Can you help me with my resume,morning,Girlfriend
Let's sync at tomorrow morning,afternoon,Boss
We are visiting grandma this weekend,evening,Mom
What's the status of the releaseâ€¦,afternoon,Boss
Call me when you get a chance??,afternoon,Mom
Did you see the news about AI pls,evening,Friend
Call me when you get a chance! thx,morning,Mom
Can you jump on a quick call,afternoon,Boss
On my way,evening,Friend
Do you want to go boating,morning,Girlfriend
Let's sync at tomorrow morning,evening,Boss
Can you help me with a quick favor,night,Girlfriend
That was hilarious ğŸ˜Š,evening,Friend
I made soupâ€¦,morning,Mom
I'm listening to a new podcast about health,morning,Girlfriend
Did you see the news about sports!,morning,Friend
Do you want to go on a hike,afternoon,Girlfriend
Please review the design doc??,night,Boss
Did you eat tacos??,afternoon,Mom
I made soup,evening,Mom
Did you see the news about stocks,evening,Friend
Beach day this weekend lol,evening,Girlfriend
Need an update on security review.,morning,Boss
Client is asking about scopeâ€¦,afternoon,Boss
Can you help me with this plan ğŸ™,evening,Girlfriend
Want to grab wine later,evening,Girlfriend
Can you help me with a quick favor,night,Girlfriend
Call me when you get a chance,afternoon,Mom
Do you want to go on a hike??,afternoon,Girlfriend
Make sure this is ready for leadership,evening,Boss
On my way! pls,morning,Friend
Call me when you get a chance ğŸ™,night,Mom
We are watching a movie this weekend,evening,Mom
Share the KPI results for throughput pls,evening,Boss
Just got done with yoga! lol,afternoon,Girlfriend
Want to grab wine later??,evening,Girlfriend
We need to fix the deployment error,evening,Boss
Did you see the news about AI,evening,Friend
Make sure this is ready for leadership.,afternoon,Boss
We are watching a movie this weekend.,afternoon,Mom
Are you coming over for the game,night,Mom
On my way,afternoon,Friend
We are doing yard work this weekend ğŸ™‚,morning,Mom
Send me the link,night,Friend
We need to fix the login bug,afternoon,Boss
We are watching a movie this weekend! ğŸ™,morning,Mom
Make sure this is ready for leadership,afternoon,Boss
Miss you â¤ï¸,evening,Girlfriend
Make sure this is ready for leadership,afternoon,Boss
Did you see the news about stocks,afternoon,Friend
Wine tasting sounds fun,evening,Girlfriend
Make sure this is ready for leadership.,evening,Boss
Want to grab a drink later.,afternoon,Girlfriend
Weekend plans,morning,Friend
Make sure this is ready for leadership,night,Boss
Are you coming over for lunch,night,Mom
Please review the PRD,afternoon,Boss
On my way,evening,Friend
Call me when you get a chance pls,evening,Mom
Game tonight at 3pm thx,night,Friend
Do you want to go boating ğŸ™,morning,Girlfriend
Just got done with yoga,morning,Girlfriend
Share the KPI results for availability,evening,Boss
Did you see the news about sports,evening,Friend
Don't forget the bills,morning,Mom
Please review the presentation thx,afternoon,Boss
We need to fix the deployment errorâ€¦,morning,Boss
What's the status of the release,morning,Boss
We need to fix the deployment error,afternoon,Boss
We are watching a movie this weekend,morning,Mom
How was your day ğŸ™‚,night,Mom
I made salad,afternoon,Mom
Just got done with errands,afternoon,Girlfriend
Share the KPI results for throughput.,afternoon,Boss
Miss you ğŸ˜‚ pls,evening,Girlfriend
I'm listening to a new podcast about health,morning,Girlfriend
I'm listening to a new podcast about health,afternoon,Girlfriend
Beach day this weekend,afternoon,Girlfriend
Miss you ğŸ˜‚,evening,Girlfriend
I'm taking the dogs to the trailâ€¦ thx,night,Girlfriend
Let's plan a beach trip,night,Girlfriend
Want to grab tea later!,evening,Girlfriend
What's the status of the dashboard thx,afternoon,Boss
I made salad,evening,Mom
That was hilarious ğŸ™‚,night,Friend
Client is asking about testing results,afternoon,Boss
Miss you ğŸ˜Š,evening,Girlfriend
Call me when you get a chance,night,Mom
Make sure this is ready for leadership,evening,Boss
Wine tasting sounds fun,evening,Girlfriend
Just got done with meeting,evening,Girlfriend
Want to grab wine later.,evening,Girlfriend
Can you send the deck by 3pm??,afternoon,Boss
Did you see the news about sports.,night,Friend
Want to grab wine later,night,Girlfriend
